<!DOCTYPE hibernate-configuration PUBLIC
        "-//Hibernate/Hibernate Configuration DTD 3.0//EN"
        "http://www.hibernate.org/dtd/hibernate-configuration-3.0.dtd">

<hibernate-configuration>

    <session-factory>

        <!-- JDBC Database connection settings -->
        <property name="connection.driver_class">com.mysql.cj.jdbc.Driver</property>
        <property name="connection.url">jdbc:mysql://localhost:3306/mydb?useSSL=false&amp;serverTimezone=UTC</property>
        <property name="connection.username">admin</property>
        <property name="connection.password">admin</property>


        <!-- JDBC connection pool settings ... using built-in test pool -->
        <property name="connection.pool_size">1</property>

        <!-- Select our SQL dialect -->
        <property name="dialect">org.hibernate.dialect.MySQLDialect</property>

        <!-- Echo the SQL to stdout -->
        <property name="show_sql">true</property>

		<!-- Set the current session context -->
		<property name="current_session_context_class">thread</property>
		
		<mapping class="oop2.storages.User"/>
 		<mapping class="oop2.storages.Owner"/>
 		<mapping class="oop2.storages.Agent"/>
 		<mapping class="oop2.storages.Storage"/>
 		<mapping class="oop2.storages.Category"/>
 		<mapping class="oop2.storages.StorageType"/>
 		<mapping class="oop2.storages.Contract"/>
 		<mapping class="oop2.storages.Notification"/>
 		
 		 		
    </session-factory>

</hibernate-configuration>